{
  "MAE": 1.7430412466284662,
  "RMSE": 2.1401369977013176,
  "R2_test": -5.6379512593188545
}